"0","markers <- FindAllMarkers(boost_subset)"
"1",""
"1"," "
"1"," |                                                  |"
"1"," "
"1","0 % ~calculating  "
"1",""
"1"," "
"1"," |+                                                 |"
"1"," "
"1","1 % ~15s          "
"1",""
"1"," "
"1"," |++                                                |"
"1"," "
"1","2 % ~14s          "
"1",""
"1"," "
"1"," |++                                                |"
"1"," "
"1","3 % ~13s          "
"1",""
"1"," "
"1"," |+++                                               |"
"1"," "
"1","4 % ~12s          "
"1",""
"1"," "
"1"," |+++                                               |"
"1"," "
"1","5 % ~13s          "
"1",""
"1"," "
"1"," |++++                                              |"
"1"," "
"1","6 % ~13s          "
"1",""
"1"," "
"1"," |++++                                              |"
"1"," "
"1","7 % ~13s          "
"1",""
"1"," "
"1"," |+++++                                             |"
"1"," "
"1","8 % ~12s          "
"1",""
"1"," "
"1"," |+++++                                             |"
"1"," "
"1","9 % ~12s          "
"1",""
"1"," "
"1"," |++++++                                            |"
"1"," "
"1","10% ~12s          "
"1",""
"1"," "
"1"," |++++++                                            |"
"1"," "
"1","11% ~12s          "
"1",""
"1"," "
"1"," |+++++++                                           |"
"1"," "
"1","12% ~11s          "
"1",""
"1"," "
"1"," |+++++++                                           |"
"1"," "
"1","13% ~11s          "
"1",""
"1"," "
"1"," |++++++++                                          |"
"1"," "
"1","14% ~11s          "
"1",""
"1"," "
"1"," |++++++++                                          |"
"1"," "
"1","15% ~11s          "
"1",""
"1"," "
"1"," |+++++++++                                         |"
"1"," "
"1","16% ~11s          "
"1",""
"1"," "
"1"," |+++++++++                                         |"
"1"," "
"1","18% ~10s          "
"1",""
"1"," "
"1"," |++++++++++                                        |"
"1"," "
"1","19% ~10s          "
"1",""
"1"," "
"1"," |++++++++++                                        |"
"1"," "
"1","20% ~10s          "
"1",""
"1"," "
"1"," |+++++++++++                                       |"
"1"," "
"1","21% ~10s          "
"1",""
"1"," "
"1"," |+++++++++++                                       |"
"1"," "
"1","22% ~10s          "
"1",""
"1"," "
"1"," |++++++++++++                                      |"
"1"," "
"1","23% ~10s          "
"1",""
"1"," "
"1"," |++++++++++++                                      |"
"1"," "
"1","24% ~10s          "
"1",""
"1"," "
"1"," |+++++++++++++                                     |"
"1"," "
"1","25% ~09s          "
"1",""
"1"," "
"1"," |+++++++++++++                                     |"
"1"," "
"1","26% ~09s          "
"1",""
"1"," "
"1"," |++++++++++++++                                    |"
"1"," "
"1","27% ~09s          "
"1",""
"1"," "
"1"," |++++++++++++++                                    |"
"1"," "
"1","28% ~09s          "
"1",""
"1"," "
"1"," |+++++++++++++++                                   |"
"1"," "
"1","29% ~09s          "
"1",""
"1"," "
"1"," |+++++++++++++++                                   |"
"1"," "
"1","30% ~09s          "
"1",""
"1"," "
"1"," |++++++++++++++++                                  |"
"1"," "
"1","31% ~09s          "
"1",""
"1"," "
"1"," |++++++++++++++++                                  |"
"1"," "
"1","32% ~08s          "
"1",""
"1"," "
"1"," |+++++++++++++++++                                 |"
"1"," "
"1","33% ~08s          "
"1",""
"1"," "
"1"," |++++++++++++++++++                                |"
"1"," "
"1","34% ~08s          "
"1",""
"1"," "
"1"," |++++++++++++++++++                                |"
"1"," "
"1","35% ~08s          "
"1",""
"1"," "
"1"," |+++++++++++++++++++                               |"
"1"," "
"1","36% ~08s          "
"1",""
"1"," "
"1"," |+++++++++++++++++++                               |"
"1"," "
"1","37% ~08s          "
"1",""
"1"," "
"1"," |++++++++++++++++++++                              |"
"1"," "
"1","38% ~08s          "
"1",""
"1"," "
"1"," |++++++++++++++++++++                              |"
"1"," "
"1","39% ~08s          "
"1",""
"1"," "
"1"," |+++++++++++++++++++++                             |"
"1"," "
"1","40% ~07s          "
"1",""
"1"," "
"1"," |+++++++++++++++++++++                             |"
"1"," "
"1","41% ~07s          "
"1",""
"1"," "
"1"," |++++++++++++++++++++++                            |"
"1"," "
"1","42% ~07s          "
"1",""
"1"," "
"1"," |++++++++++++++++++++++                            |"
"1"," "
"1","43% ~07s          "
"1",""
"1"," "
"1"," |+++++++++++++++++++++++                           |"
"1"," "
"1","44% ~07s          "
"1",""
"1"," "
"1"," |+++++++++++++++++++++++                           |"
"1"," "
"1","45% ~07s          "
"1",""
"1"," "
"1"," |++++++++++++++++++++++++                          |"
"1"," "
"1","46% ~07s          "
"1",""
"1"," "
"1"," |++++++++++++++++++++++++                          |"
"1"," "
"1","47% ~06s          "
"1",""
"1"," "
"1"," |+++++++++++++++++++++++++                         |"
"1"," "
"1","48% ~06s          "
"1",""
"1"," "
"1"," |+++++++++++++++++++++++++                         |"
"1"," "
"1","49% ~06s          "
"1",""
"1"," "
"1"," |++++++++++++++++++++++++++                        |"
"1"," "
"1","51% ~06s          "
"1",""
"1"," "
"1"," |++++++++++++++++++++++++++                        |"
"1"," "
"1","52% ~06s          "
"1",""
"1"," "
"1"," |+++++++++++++++++++++++++++                       |"
"1"," "
"1","53% ~06s          "
"1",""
"1"," "
"1"," |+++++++++++++++++++++++++++                       |"
"1"," "
"1","54% ~06s          "
"1",""
"1"," "
"1"," |++++++++++++++++++++++++++++                      |"
"1"," "
"1","55% ~06s          "
"1",""
"1"," "
"1"," |++++++++++++++++++++++++++++                      |"
"1"," "
"1","56% ~05s          "
"1",""
"1"," "
"1"," |+++++++++++++++++++++++++++++                     |"
"1"," "
"1","57% ~05s          "
"1",""
"1"," "
"1"," |+++++++++++++++++++++++++++++                     |"
"1"," "
"1","58% ~05s          "
"1",""
"1"," "
"1"," |++++++++++++++++++++++++++++++                    |"
"1"," "
"1","59% ~05s          "
"1",""
"1"," "
"1"," |++++++++++++++++++++++++++++++                    |"
"1"," "
"1","60% ~05s          "
"1",""
"1"," "
"1"," |+++++++++++++++++++++++++++++++                   |"
"1"," "
"1","61% ~05s          "
"1",""
"1"," "
"1"," |+++++++++++++++++++++++++++++++                   |"
"1"," "
"1","62% ~05s          "
"1",""
"1"," "
"1"," |++++++++++++++++++++++++++++++++                  |"
"1"," "
"1","63% ~05s          "
"1",""
"1"," "
"1"," |++++++++++++++++++++++++++++++++                  |"
"1"," "
"1","64% ~04s          "
"1",""
"1"," "
"1"," |+++++++++++++++++++++++++++++++++                 |"
"1"," "
"1","65% ~04s          "
"1",""
"1"," "
"1"," |+++++++++++++++++++++++++++++++++                 |"
"1"," "
"1","66% ~04s          "
"1",""
"1"," "
"1"," |++++++++++++++++++++++++++++++++++                |"
"1"," "
"1","67% ~04s          "
"1",""
"1"," "
"1"," |+++++++++++++++++++++++++++++++++++               |"
"1"," "
"1","68% ~04s          "
"1",""
"1"," "
"1"," |+++++++++++++++++++++++++++++++++++               |"
"1"," "
"1","69% ~04s          "
"1",""
"1"," "
"1"," |++++++++++++++++++++++++++++++++++++              |"
"1"," "
"1","70% ~04s          "
"1",""
"1"," "
"1"," |++++++++++++++++++++++++++++++++++++              |"
"1"," "
"1","71% ~04s          "
"1",""
"1"," "
"1"," |+++++++++++++++++++++++++++++++++++++             |"
"1"," "
"1","72% ~03s          "
"1",""
"1"," "
"1"," |+++++++++++++++++++++++++++++++++++++             |"
"1"," "
"1","73% ~03s          "
"1",""
"1"," "
"1"," |++++++++++++++++++++++++++++++++++++++            |"
"1"," "
"1","74% ~03s          "
"1",""
"1"," "
"1"," |++++++++++++++++++++++++++++++++++++++            |"
"1"," "
"1","75% ~03s          "
"1",""
"1"," "
"1"," |+++++++++++++++++++++++++++++++++++++++           |"
"1"," "
"1","76% ~03s          "
"1",""
"1"," "
"1"," |+++++++++++++++++++++++++++++++++++++++           |"
"1"," "
"1","77% ~03s          "
"1",""
"1"," "
"1"," |++++++++++++++++++++++++++++++++++++++++          |"
"1"," "
"1","78% ~03s          "
"1",""
"1"," "
"1"," |++++++++++++++++++++++++++++++++++++++++          |"
"1"," "
"1","79% ~03s          "
"1",""
"1"," "
"1"," |+++++++++++++++++++++++++++++++++++++++++         |"
"1"," "
"1","80% ~02s          "
"1",""
"1"," "
"1"," |+++++++++++++++++++++++++++++++++++++++++         |"
"1"," "
"1","81% ~02s          "
"1",""
"1"," "
"1"," |++++++++++++++++++++++++++++++++++++++++++        |"
"1"," "
"1","82% ~02s          "
"1",""
"1"," "
"1"," |++++++++++++++++++++++++++++++++++++++++++        |"
"1"," "
"1","84% ~02s          "
"1",""
"1"," "
"1"," |+++++++++++++++++++++++++++++++++++++++++++       |"
"1"," "
"1","85% ~02s          "
"1",""
"1"," "
"1"," |+++++++++++++++++++++++++++++++++++++++++++       |"
"1"," "
"1","86% ~02s          "
"1",""
"1"," "
"1"," |++++++++++++++++++++++++++++++++++++++++++++      |"
"1"," "
"1","87% ~02s          "
"1",""
"1"," "
"1"," |++++++++++++++++++++++++++++++++++++++++++++      |"
"1"," "
"1","88% ~02s          "
"1",""
"1"," "
"1"," |+++++++++++++++++++++++++++++++++++++++++++++     |"
"1"," "
"1","89% ~01s          "
"1",""
"1"," "
"1"," |+++++++++++++++++++++++++++++++++++++++++++++     |"
"1"," "
"1","90% ~01s          "
"1",""
"1"," "
"1"," |++++++++++++++++++++++++++++++++++++++++++++++    |"
"1"," "
"1","91% ~01s          "
"1",""
"1"," "
"1"," |++++++++++++++++++++++++++++++++++++++++++++++    |"
"1"," "
"1","92% ~01s          "
"1",""
"1"," "
"1"," |+++++++++++++++++++++++++++++++++++++++++++++++   |"
"1"," "
"1","93% ~01s          "
"1",""
"1"," "
"1"," |+++++++++++++++++++++++++++++++++++++++++++++++   |"
"1"," "
"1","94% ~01s          "
"1",""
"1"," "
"1"," |++++++++++++++++++++++++++++++++++++++++++++++++  |"
"1"," "
"1","95% ~01s          "
"1",""
"1"," "
"1"," |++++++++++++++++++++++++++++++++++++++++++++++++  |"
"1"," "
"1","96% ~01s          "
"1",""
"1"," "
"1"," |+++++++++++++++++++++++++++++++++++++++++++++++++ |"
"1"," "
"1","97% ~00s          "
"1",""
"1"," "
"1"," |+++++++++++++++++++++++++++++++++++++++++++++++++ |"
"1"," "
"1","98% ~00s          "
"1",""
"1"," "
"1"," |++++++++++++++++++++++++++++++++++++++++++++++++++|"
"1"," "
"1","99% ~00s          "
"1",""
"1"," "
"1"," |++++++++++++++++++++++++++++++++++++++++++++++++++|"
"1"," "
"1","100% elapsed=12s  "
"1","
"
"1",""
"1"," "
"1"," |                                                  |"
"1"," "
"1","0 % ~calculating  "
"1",""
"1"," "
"1"," |+                                                 |"
"1"," "
"1","1 % ~01s          "
"1",""
"1"," "
"1"," |++                                                |"
"1"," "
"1","3 % ~01s          "
"1",""
"1"," "
"1"," |++                                                |"
"1"," "
"1","4 % ~01s          "
"1",""
"1"," "
"1"," |+++                                               |"
"1"," "
"1","5 % ~01s          "
"1",""
"1"," "
"1"," |++++                                              |"
"1"," "
"1","6 % ~01s          "
"1",""
"1"," "
"1"," |++++                                              |"
"1"," "
"1","8 % ~01s          "
"1",""
"1"," "
"1"," |+++++                                             |"
"1"," "
"1","9 % ~01s          "
"1",""
"1"," "
"1"," |++++++                                            |"
"1"," "
"1","10% ~01s          "
"1",""
"1"," "
"1"," |++++++                                            |"
"1"," "
"1","11% ~01s          "
"1",""
"1"," "
"1"," |+++++++                                           |"
"1"," "
"1","13% ~01s          "
"1",""
"1"," "
"1"," |+++++++                                           |"
"1"," "
"1","14% ~01s          "
"1",""
"1"," "
"1"," |++++++++                                          |"
"1"," "
"1","15% ~01s          "
"1",""
"1"," "
"1"," |+++++++++                                         |"
"1"," "
"1","16% ~01s          "
"1",""
"1"," "
"1"," |+++++++++                                         |"
"1"," "
"1","18% ~01s          "
"1",""
"1"," "
"1"," |++++++++++                                        |"
"1"," "
"1","19% ~01s          "
"1",""
"1"," "
"1"," |+++++++++++                                       |"
"1"," "
"1","20% ~01s          "
"1",""
"1"," "
"1"," |+++++++++++                                       |"
"1"," "
"1","22% ~01s          "
"1",""
"1"," "
"1"," |++++++++++++                                      |"
"1"," "
"1","23% ~01s          "
"1",""
"1"," "
"1"," |+++++++++++++                                     |"
"1"," "
"1","24% ~01s          "
"1",""
"1"," "
"1"," |+++++++++++++                                     |"
"1"," "
"1","25% ~01s          "
"1",""
"1"," "
"1"," |++++++++++++++                                    |"
"1"," "
"1","27% ~01s          "
"1",""
"1"," "
"1"," |++++++++++++++                                    |"
"1"," "
"1","28% ~01s          "
"1",""
"1"," "
"1"," |+++++++++++++++                                   |"
"1"," "
"1","29% ~01s          "
"1",""
"1"," "
"1"," |++++++++++++++++                                  |"
"1"," "
"1","30% ~01s          "
"1",""
"1"," "
"1"," |++++++++++++++++                                  |"
"1"," "
"1","32% ~01s          "
"1",""
"1"," "
"1"," |+++++++++++++++++                                 |"
"1"," "
"1","33% ~01s          "
"1",""
"1"," "
"1"," |++++++++++++++++++                                |"
"1"," "
"1","34% ~01s          "
"1",""
"1"," "
"1"," |++++++++++++++++++                                |"
"1"," "
"1","35% ~01s          "
"1",""
"1"," "
"1"," |+++++++++++++++++++                               |"
"1"," "
"1","37% ~01s          "
"1",""
"1"," "
"1"," |+++++++++++++++++++                               |"
"1"," "
"1","38% ~01s          "
"1",""
"1"," "
"1"," |++++++++++++++++++++                              |"
"1"," "
"1","39% ~01s          "
"1",""
"1"," "
"1"," |+++++++++++++++++++++                             |"
"1"," "
"1","41% ~01s          "
"1",""
"1"," "
"1"," |+++++++++++++++++++++                             |"
"1"," "
"1","42% ~01s          "
"1",""
"1"," "
"1"," |++++++++++++++++++++++                            |"
"1"," "
"1","43% ~01s          "
"1",""
"1"," "
"1"," |+++++++++++++++++++++++                           |"
"1"," "
"1","44% ~01s          "
"1",""
"1"," "
"1"," |+++++++++++++++++++++++                           |"
"1"," "
"1","46% ~01s          "
"1",""
"1"," "
"1"," |++++++++++++++++++++++++                          |"
"1"," "
"1","47% ~01s          "
"1",""
"1"," "
"1"," |+++++++++++++++++++++++++                         |"
"1"," "
"1","48% ~01s          "
"1",""
"1"," "
"1"," |+++++++++++++++++++++++++                         |"
"1"," "
"1","49% ~01s          "
"1",""
"1"," "
"1"," |++++++++++++++++++++++++++                        |"
"1"," "
"1","51% ~01s          "
"1",""
"1"," "
"1"," |++++++++++++++++++++++++++                        |"
"1"," "
"1","52% ~01s          "
"1",""
"1"," "
"1"," |+++++++++++++++++++++++++++                       |"
"1"," "
"1","53% ~01s          "
"1",""
"1"," "
"1"," |++++++++++++++++++++++++++++                      |"
"1"," "
"1","54% ~01s          "
"1",""
"1"," "
"1"," |++++++++++++++++++++++++++++                      |"
"1"," "
"1","56% ~01s          "
"1",""
"1"," "
"1"," |+++++++++++++++++++++++++++++                     |"
"1"," "
"1","57% ~00s          "
"1",""
"1"," "
"1"," |++++++++++++++++++++++++++++++                    |"
"1"," "
"1","58% ~00s          "
"1",""
"1"," "
"1"," |++++++++++++++++++++++++++++++                    |"
"1"," "
"1","59% ~00s          "
"1",""
"1"," "
"1"," |+++++++++++++++++++++++++++++++                   |"
"1"," "
"1","61% ~00s          "
"1",""
"1"," "
"1"," |++++++++++++++++++++++++++++++++                  |"
"1"," "
"1","62% ~00s          "
"1",""
"1"," "
"1"," |++++++++++++++++++++++++++++++++                  |"
"1"," "
"1","63% ~00s          "
"1",""
"1"," "
"1"," |+++++++++++++++++++++++++++++++++                 |"
"1"," "
"1","65% ~00s          "
"1",""
"1"," "
"1"," |+++++++++++++++++++++++++++++++++                 |"
"1"," "
"1","66% ~00s          "
"1",""
"1"," "
"1"," |++++++++++++++++++++++++++++++++++                |"
"1"," "
"1","67% ~00s          "
"1",""
"1"," "
"1"," |+++++++++++++++++++++++++++++++++++               |"
"1"," "
"1","68% ~00s          "
"1",""
"1"," "
"1"," |+++++++++++++++++++++++++++++++++++               |"
"1"," "
"1","70% ~00s          "
"1",""
"1"," "
"1"," |++++++++++++++++++++++++++++++++++++              |"
"1"," "
"1","71% ~00s          "
"1",""
"1"," "
"1"," |+++++++++++++++++++++++++++++++++++++             |"
"1"," "
"1","72% ~00s          "
"1",""
"1"," "
"1"," |+++++++++++++++++++++++++++++++++++++             |"
"1"," "
"1","73% ~00s          "
"1",""
"1"," "
"1"," |++++++++++++++++++++++++++++++++++++++            |"
"1"," "
"1","75% ~00s          "
"1",""
"1"," "
"1"," |++++++++++++++++++++++++++++++++++++++            |"
"1"," "
"1","76% ~00s          "
"1",""
"1"," "
"1"," |+++++++++++++++++++++++++++++++++++++++           |"
"1"," "
"1","77% ~00s          "
"1",""
"1"," "
"1"," |++++++++++++++++++++++++++++++++++++++++          |"
"1"," "
"1","78% ~00s          "
"1",""
"1"," "
"1"," |++++++++++++++++++++++++++++++++++++++++          |"
"1"," "
"1","80% ~00s          "
"1",""
"1"," "
"1"," |+++++++++++++++++++++++++++++++++++++++++         |"
"1"," "
"1","81% ~00s          "
"1",""
"1"," "
"1"," |++++++++++++++++++++++++++++++++++++++++++        |"
"1"," "
"1","82% ~00s          "
"1",""
"1"," "
"1"," |++++++++++++++++++++++++++++++++++++++++++        |"
"1"," "
"1","84% ~00s          "
"1",""
"1"," "
"1"," |+++++++++++++++++++++++++++++++++++++++++++       |"
"1"," "
"1","85% ~00s          "
"1",""
"1"," "
"1"," |++++++++++++++++++++++++++++++++++++++++++++      |"
"1"," "
"1","86% ~00s          "
"1",""
"1"," "
"1"," |++++++++++++++++++++++++++++++++++++++++++++      |"
"1"," "
"1","87% ~00s          "
"1",""
"1"," "
"1"," |+++++++++++++++++++++++++++++++++++++++++++++     |"
"1"," "
"1","89% ~00s          "
"1",""
"1"," "
"1"," |+++++++++++++++++++++++++++++++++++++++++++++     |"
"1"," "
"1","90% ~00s          "
"1",""
"1"," "
"1"," |++++++++++++++++++++++++++++++++++++++++++++++    |"
"1"," "
"1","91% ~00s          "
"1",""
"1"," "
"1"," |+++++++++++++++++++++++++++++++++++++++++++++++   |"
"1"," "
"1","92% ~00s          "
"1",""
"1"," "
"1"," |+++++++++++++++++++++++++++++++++++++++++++++++   |"
"1"," "
"1","94% ~00s          "
"1",""
"1"," "
"1"," |++++++++++++++++++++++++++++++++++++++++++++++++  |"
"1"," "
"1","95% ~00s          "
"1",""
"1"," "
"1"," |+++++++++++++++++++++++++++++++++++++++++++++++++ |"
"1"," "
"1","96% ~00s          "
"1",""
"1"," "
"1"," |+++++++++++++++++++++++++++++++++++++++++++++++++ |"
"1"," "
"1","97% ~00s          "
"1",""
"1"," "
"1"," |++++++++++++++++++++++++++++++++++++++++++++++++++|"
"1"," "
"1","99% ~00s          "
"1",""
"1"," "
"1"," |++++++++++++++++++++++++++++++++++++++++++++++++++|"
"1"," "
"1","100% elapsed=01s  "
"1","
"
"1",""
"1"," "
"1"," |                                                  |"
"1"," "
"1","0 % ~calculating  "
"1",""
"1"," "
"1"," |+                                                 |"
"1"," "
"1","1 % ~01s          "
"1",""
"1"," "
"1"," |++                                                |"
"1"," "
"1","3 % ~01s          "
"1",""
"1"," "
"1"," |++                                                |"
"1"," "
"1","4 % ~01s          "
"1",""
"1"," "
"1"," |+++                                               |"
"1"," "
"1","5 % ~01s          "
"1",""
"1"," "
"1"," |++++                                              |"
"1"," "
"1","6 % ~01s          "
"1",""
"1"," "
"1"," |++++                                              |"
"1"," "
"1","8 % ~01s          "
"1",""
"1"," "
"1"," |+++++                                             |"
"1"," "
"1","9 % ~01s          "
"1",""
"1"," "
"1"," |++++++                                            |"
"1"," "
"1","10% ~01s          "
"1",""
"1"," "
"1"," |++++++                                            |"
"1"," "
"1","12% ~01s          "
"1",""
"1"," "
"1"," |+++++++                                           |"
"1"," "
"1","13% ~01s          "
"1",""
"1"," "
"1"," |++++++++                                          |"
"1"," "
"1","14% ~01s          "
"1",""
"1"," "
"1"," |++++++++                                          |"
"1"," "
"1","16% ~01s          "
"1",""
"1"," "
"1"," |+++++++++                                         |"
"1"," "
"1","17% ~01s          "
"1",""
"1"," "
"1"," |++++++++++                                        |"
"1"," "
"1","18% ~01s          "
"1",""
"1"," "
"1"," |++++++++++                                        |"
"1"," "
"1","19% ~01s          "
"1",""
"1"," "
"1"," |+++++++++++                                       |"
"1"," "
"1","21% ~01s          "
"1",""
"1"," "
"1"," |++++++++++++                                      |"
"1"," "
"1","22% ~01s          "
"1",""
"1"," "
"1"," |++++++++++++                                      |"
"1"," "
"1","23% ~01s          "
"1",""
"1"," "
"1"," |+++++++++++++                                     |"
"1"," "
"1","25% ~01s          "
"1",""
"1"," "
"1"," |+++++++++++++                                     |"
"1"," "
"1","26% ~01s          "
"1",""
"1"," "
"1"," |++++++++++++++                                    |"
"1"," "
"1","27% ~01s          "
"1",""
"1"," "
"1"," |+++++++++++++++                                   |"
"1"," "
"1","29% ~01s          "
"1",""
"1"," "
"1"," |+++++++++++++++                                   |"
"1"," "
"1","30% ~01s          "
"1",""
"1"," "
"1"," |++++++++++++++++                                  |"
"1"," "
"1","31% ~01s          "
"1",""
"1"," "
"1"," |+++++++++++++++++                                 |"
"1"," "
"1","32% ~01s          "
"1",""
"1"," "
"1"," |+++++++++++++++++                                 |"
"1"," "
"1","34% ~01s          "
"1",""
"1"," "
"1"," |++++++++++++++++++                                |"
"1"," "
"1","35% ~01s          "
"1",""
"1"," "
"1"," |+++++++++++++++++++                               |"
"1"," "
"1","36% ~01s          "
"1",""
"1"," "
"1"," |+++++++++++++++++++                               |"
"1"," "
"1","38% ~01s          "
"1",""
"1"," "
"1"," |++++++++++++++++++++                              |"
"1"," "
"1","39% ~01s          "
"1",""
"1"," "
"1"," |+++++++++++++++++++++                             |"
"1"," "
"1","40% ~01s          "
"1",""
"1"," "
"1"," |+++++++++++++++++++++                             |"
"1"," "
"1","42% ~01s          "
"1",""
"1"," "
"1"," |++++++++++++++++++++++                            |"
"1"," "
"1","43% ~01s          "
"1",""
"1"," "
"1"," |+++++++++++++++++++++++                           |"
"1"," "
"1","44% ~01s          "
"1",""
"1"," "
"1"," |+++++++++++++++++++++++                           |"
"1"," "
"1","45% ~01s          "
"1",""
"1"," "
"1"," |++++++++++++++++++++++++                          |"
"1"," "
"1","47% ~01s          "
"1",""
"1"," "
"1"," |+++++++++++++++++++++++++                         |"
"1"," "
"1","48% ~01s          "
"1",""
"1"," "
"1"," |+++++++++++++++++++++++++                         |"
"1"," "
"1","49% ~01s          "
"1",""
"1"," "
"1"," |++++++++++++++++++++++++++                        |"
"1"," "
"1","51% ~01s          "
"1",""
"1"," "
"1"," |++++++++++++++++++++++++++                        |"
"1"," "
"1","52% ~00s          "
"1",""
"1"," "
"1"," |+++++++++++++++++++++++++++                       |"
"1"," "
"1","53% ~00s          "
"1",""
"1"," "
"1"," |++++++++++++++++++++++++++++                      |"
"1"," "
"1","55% ~00s          "
"1",""
"1"," "
"1"," |++++++++++++++++++++++++++++                      |"
"1"," "
"1","56% ~00s          "
"1",""
"1"," "
"1"," |+++++++++++++++++++++++++++++                     |"
"1"," "
"1","57% ~00s          "
"1",""
"1"," "
"1"," |++++++++++++++++++++++++++++++                    |"
"1"," "
"1","58% ~00s          "
"1",""
"1"," "
"1"," |++++++++++++++++++++++++++++++                    |"
"1"," "
"1","60% ~00s          "
"1",""
"1"," "
"1"," |+++++++++++++++++++++++++++++++                   |"
"1"," "
"1","61% ~00s          "
"1",""
"1"," "
"1"," |++++++++++++++++++++++++++++++++                  |"
"1"," "
"1","62% ~00s          "
"1",""
"1"," "
"1"," |++++++++++++++++++++++++++++++++                  |"
"1"," "
"1","64% ~00s          "
"1",""
"1"," "
"1"," |+++++++++++++++++++++++++++++++++                 |"
"1"," "
"1","65% ~00s          "
"1",""
"1"," "
"1"," |++++++++++++++++++++++++++++++++++                |"
"1"," "
"1","66% ~00s          "
"1",""
"1"," "
"1"," |++++++++++++++++++++++++++++++++++                |"
"1"," "
"1","68% ~00s          "
"1",""
"1"," "
"1"," |+++++++++++++++++++++++++++++++++++               |"
"1"," "
"1","69% ~00s          "
"1",""
"1"," "
"1"," |++++++++++++++++++++++++++++++++++++              |"
"1"," "
"1","70% ~00s          "
"1",""
"1"," "
"1"," |++++++++++++++++++++++++++++++++++++              |"
"1"," "
"1","71% ~00s          "
"1",""
"1"," "
"1"," |+++++++++++++++++++++++++++++++++++++             |"
"1"," "
"1","73% ~00s          "
"1",""
"1"," "
"1"," |++++++++++++++++++++++++++++++++++++++            |"
"1"," "
"1","74% ~00s          "
"1",""
"1"," "
"1"," |++++++++++++++++++++++++++++++++++++++            |"
"1"," "
"1","75% ~00s          "
"1",""
"1"," "
"1"," |+++++++++++++++++++++++++++++++++++++++           |"
"1"," "
"1","77% ~00s          "
"1",""
"1"," "
"1"," |+++++++++++++++++++++++++++++++++++++++           |"
"1"," "
"1","78% ~00s          "
"1",""
"1"," "
"1"," |++++++++++++++++++++++++++++++++++++++++          |"
"1"," "
"1","79% ~00s          "
"1",""
"1"," "
"1"," |+++++++++++++++++++++++++++++++++++++++++         |"
"1"," "
"1","81% ~00s          "
"1",""
"1"," "
"1"," |+++++++++++++++++++++++++++++++++++++++++         |"
"1"," "
"1","82% ~00s          "
"1",""
"1"," "
"1"," |++++++++++++++++++++++++++++++++++++++++++        |"
"1"," "
"1","83% ~00s          "
"1",""
"1"," "
"1"," |+++++++++++++++++++++++++++++++++++++++++++       |"
"1"," "
"1","84% ~00s          "
"1",""
"1"," "
"1"," |+++++++++++++++++++++++++++++++++++++++++++       |"
"1"," "
"1","86% ~00s          "
"1",""
"1"," "
"1"," |++++++++++++++++++++++++++++++++++++++++++++      |"
"1"," "
"1","87% ~00s          "
"1",""
"1"," "
"1"," |+++++++++++++++++++++++++++++++++++++++++++++     |"
"1"," "
"1","88% ~00s          "
"1",""
"1"," "
"1"," |+++++++++++++++++++++++++++++++++++++++++++++     |"
"1"," "
"1","90% ~00s          "
"1",""
"1"," "
"1"," |++++++++++++++++++++++++++++++++++++++++++++++    |"
"1"," "
"1","91% ~00s          "
"1",""
"1"," "
"1"," |+++++++++++++++++++++++++++++++++++++++++++++++   |"
"1"," "
"1","92% ~00s          "
"1",""
"1"," "
"1"," |+++++++++++++++++++++++++++++++++++++++++++++++   |"
"1"," "
"1","94% ~00s          "
"1",""
"1"," "
"1"," |++++++++++++++++++++++++++++++++++++++++++++++++  |"
"1"," "
"1","95% ~00s          "
"1",""
"1"," "
"1"," |+++++++++++++++++++++++++++++++++++++++++++++++++ |"
"1"," "
"1","96% ~00s          "
"1",""
"1"," "
"1"," |+++++++++++++++++++++++++++++++++++++++++++++++++ |"
"1"," "
"1","97% ~00s          "
"1",""
"1"," "
"1"," |++++++++++++++++++++++++++++++++++++++++++++++++++|"
"1"," "
"1","99% ~00s          "
"1",""
"1"," "
"1"," |++++++++++++++++++++++++++++++++++++++++++++++++++|"
"1"," "
"1","100% elapsed=01s  "
"1","
"
"1",""
"1"," "
"1"," |                                                  |"
"1"," "
"1","0 % ~calculating  "
"1",""
"1"," "
"1"," |+                                                 |"
"1"," "
"1","1 % ~00s          "
"1",""
"1"," "
"1"," |++                                                |"
"1"," "
"1","2 % ~00s          "
"1",""
"1"," "
"1"," |++                                                |"
"1"," "
"1","4 % ~00s          "
"1",""
"1"," "
"1"," |+++                                               |"
"1"," "
"1","5 % ~00s          "
"1",""
"1"," "
"1"," |+++                                               |"
"1"," "
"1","6 % ~00s          "
"1",""
"1"," "
"1"," |++++                                              |"
"1"," "
"1","7 % ~00s          "
"1",""
"1"," "
"1"," |+++++                                             |"
"1"," "
"1","8 % ~00s          "
"1",""
"1"," "
"1"," |+++++                                             |"
"1"," "
"1","9 % ~00s          "
"1",""
"1"," "
"1"," |++++++                                            |"
"1"," "
"1","11% ~00s          "
"1",""
"1"," "
"1"," |++++++                                            |"
"1"," "
"1","12% ~00s          "
"1",""
"1"," "
"1"," |+++++++                                           |"
"1"," "
"1","13% ~00s          "
"1",""
"1"," "
"1"," |++++++++                                          |"
"1"," "
"1","14% ~00s          "
"1",""
"1"," "
"1"," |++++++++                                          |"
"1"," "
"1","15% ~00s          "
"1",""
"1"," "
"1"," |+++++++++                                         |"
"1"," "
"1","16% ~00s          "
"1",""
"1"," "
"1"," |+++++++++                                         |"
"1"," "
"1","18% ~00s          "
"1",""
"1"," "
"1"," |++++++++++                                        |"
"1"," "
"1","19% ~00s          "
"1",""
"1"," "
"1"," |++++++++++                                        |"
"1"," "
"1","20% ~00s          "
"1",""
"1"," "
"1"," |+++++++++++                                       |"
"1"," "
"1","21% ~00s          "
"1",""
"1"," "
"1"," |++++++++++++                                      |"
"1"," "
"1","22% ~00s          "
"1",""
"1"," "
"1"," |++++++++++++                                      |"
"1"," "
"1","24% ~00s          "
"1",""
"1"," "
"1"," |+++++++++++++                                     |"
"1"," "
"1","25% ~00s          "
"1",""
"1"," "
"1"," |+++++++++++++                                     |"
"1"," "
"1","26% ~00s          "
"1",""
"1"," "
"1"," |++++++++++++++                                    |"
"1"," "
"1","27% ~00s          "
"1",""
"1"," "
"1"," |+++++++++++++++                                   |"
"1"," "
"1","28% ~00s          "
"1",""
"1"," "
"1"," |+++++++++++++++                                   |"
"1"," "
"1","29% ~00s          "
"1",""
"1"," "
"1"," |++++++++++++++++                                  |"
"1"," "
"1","31% ~00s          "
"1",""
"1"," "
"1"," |++++++++++++++++                                  |"
"1"," "
"1","32% ~00s          "
"1",""
"1"," "
"1"," |+++++++++++++++++                                 |"
"1"," "
"1","33% ~00s          "
"1",""
"1"," "
"1"," |++++++++++++++++++                                |"
"1"," "
"1","34% ~00s          "
"1",""
"1"," "
"1"," |++++++++++++++++++                                |"
"1"," "
"1","35% ~00s          "
"1",""
"1"," "
"1"," |+++++++++++++++++++                               |"
"1"," "
"1","36% ~00s          "
"1",""
"1"," "
"1"," |+++++++++++++++++++                               |"
"1"," "
"1","38% ~00s          "
"1",""
"1"," "
"1"," |++++++++++++++++++++                              |"
"1"," "
"1","39% ~00s          "
"1",""
"1"," "
"1"," |++++++++++++++++++++                              |"
"1"," "
"1","40% ~00s          "
"1",""
"1"," "
"1"," |+++++++++++++++++++++                             |"
"1"," "
"1","41% ~00s          "
"1",""
"1"," "
"1"," |++++++++++++++++++++++                            |"
"1"," "
"1","42% ~00s          "
"1",""
"1"," "
"1"," |++++++++++++++++++++++                            |"
"1"," "
"1","44% ~00s          "
"1",""
"1"," "
"1"," |+++++++++++++++++++++++                           |"
"1"," "
"1","45% ~00s          "
"1",""
"1"," "
"1"," |+++++++++++++++++++++++                           |"
"1"," "
"1","46% ~00s          "
"1",""
"1"," "
"1"," |++++++++++++++++++++++++                          |"
"1"," "
"1","47% ~00s          "
"1",""
"1"," "
"1"," |+++++++++++++++++++++++++                         |"
"1"," "
"1","48% ~00s          "
"1",""
"1"," "
"1"," |+++++++++++++++++++++++++                         |"
"1"," "
"1","49% ~00s          "
"1",""
"1"," "
"1"," |++++++++++++++++++++++++++                        |"
"1"," "
"1","51% ~00s          "
"1",""
"1"," "
"1"," |++++++++++++++++++++++++++                        |"
"1"," "
"1","52% ~00s          "
"1",""
"1"," "
"1"," |+++++++++++++++++++++++++++                       |"
"1"," "
"1","53% ~00s          "
"1",""
"1"," "
"1"," |++++++++++++++++++++++++++++                      |"
"1"," "
"1","54% ~00s          "
"1",""
"1"," "
"1"," |++++++++++++++++++++++++++++                      |"
"1"," "
"1","55% ~00s          "
"1",""
"1"," "
"1"," |+++++++++++++++++++++++++++++                     |"
"1"," "
"1","56% ~00s          "
"1",""
"1"," "
"1"," |+++++++++++++++++++++++++++++                     |"
"1"," "
"1","58% ~00s          "
"1",""
"1"," "
"1"," |++++++++++++++++++++++++++++++                    |"
"1"," "
"1","59% ~00s          "
"1",""
"1"," "
"1"," |++++++++++++++++++++++++++++++                    |"
"1"," "
"1","60% ~00s          "
"1",""
"1"," "
"1"," |+++++++++++++++++++++++++++++++                   |"
"1"," "
"1","61% ~00s          "
"1",""
"1"," "
"1"," |++++++++++++++++++++++++++++++++                  |"
"1"," "
"1","62% ~00s          "
"1",""
"1"," "
"1"," |++++++++++++++++++++++++++++++++                  |"
"1"," "
"1","64% ~00s          "
"1",""
"1"," "
"1"," |+++++++++++++++++++++++++++++++++                 |"
"1"," "
"1","65% ~00s          "
"1",""
"1"," "
"1"," |+++++++++++++++++++++++++++++++++                 |"
"1"," "
"1","66% ~00s          "
"1",""
"1"," "
"1"," |++++++++++++++++++++++++++++++++++                |"
"1"," "
"1","67% ~00s          "
"1",""
"1"," "
"1"," |+++++++++++++++++++++++++++++++++++               |"
"1"," "
"1","68% ~00s          "
"1",""
"1"," "
"1"," |+++++++++++++++++++++++++++++++++++               |"
"1"," "
"1","69% ~00s          "
"1",""
"1"," "
"1"," |++++++++++++++++++++++++++++++++++++              |"
"1"," "
"1","71% ~00s          "
"1",""
"1"," "
"1"," |++++++++++++++++++++++++++++++++++++              |"
"1"," "
"1","72% ~00s          "
"1",""
"1"," "
"1"," |+++++++++++++++++++++++++++++++++++++             |"
"1"," "
"1","73% ~00s          "
"1",""
"1"," "
"1"," |++++++++++++++++++++++++++++++++++++++            |"
"1"," "
"1","74% ~00s          "
"1",""
"1"," "
"1"," |++++++++++++++++++++++++++++++++++++++            |"
"1"," "
"1","75% ~00s          "
"1",""
"1"," "
"1"," |+++++++++++++++++++++++++++++++++++++++           |"
"1"," "
"1","76% ~00s          "
"1",""
"1"," "
"1"," |+++++++++++++++++++++++++++++++++++++++           |"
"1"," "
"1","78% ~00s          "
"1",""
"1"," "
"1"," |++++++++++++++++++++++++++++++++++++++++          |"
"1"," "
"1","79% ~00s          "
"1",""
"1"," "
"1"," |++++++++++++++++++++++++++++++++++++++++          |"
"1"," "
"1","80% ~00s          "
"1",""
"1"," "
"1"," |+++++++++++++++++++++++++++++++++++++++++         |"
"1"," "
"1","81% ~00s          "
"1",""
"1"," "
"1"," |++++++++++++++++++++++++++++++++++++++++++        |"
"1"," "
"1","82% ~00s          "
"1",""
"1"," "
"1"," |++++++++++++++++++++++++++++++++++++++++++        |"
"1"," "
"1","84% ~00s          "
"1",""
"1"," "
"1"," |+++++++++++++++++++++++++++++++++++++++++++       |"
"1"," "
"1","85% ~00s          "
"1",""
"1"," "
"1"," |+++++++++++++++++++++++++++++++++++++++++++       |"
"1"," "
"1","86% ~00s          "
"1",""
"1"," "
"1"," |++++++++++++++++++++++++++++++++++++++++++++      |"
"1"," "
"1","87% ~00s          "
"1",""
"1"," "
"1"," |+++++++++++++++++++++++++++++++++++++++++++++     |"
"1"," "
"1","88% ~00s          "
"1",""
"1"," "
"1"," |+++++++++++++++++++++++++++++++++++++++++++++     |"
"1"," "
"1","89% ~00s          "
"1",""
"1"," "
"1"," |++++++++++++++++++++++++++++++++++++++++++++++    |"
"1"," "
"1","91% ~00s          "
"1",""
"1"," "
"1"," |++++++++++++++++++++++++++++++++++++++++++++++    |"
"1"," "
"1","92% ~00s          "
"1",""
"1"," "
"1"," |+++++++++++++++++++++++++++++++++++++++++++++++   |"
"1"," "
"1","93% ~00s          "
"1",""
"1"," "
"1"," |++++++++++++++++++++++++++++++++++++++++++++++++  |"
"1"," "
"1","94% ~00s          "
"1",""
"1"," "
"1"," |++++++++++++++++++++++++++++++++++++++++++++++++  |"
"1"," "
"1","95% ~00s          "
"1",""
"1"," "
"1"," |+++++++++++++++++++++++++++++++++++++++++++++++++ |"
"1"," "
"1","96% ~00s          "
"1",""
"1"," "
"1"," |+++++++++++++++++++++++++++++++++++++++++++++++++ |"
"1"," "
"1","98% ~00s          "
"1",""
"1"," "
"1"," |++++++++++++++++++++++++++++++++++++++++++++++++++|"
"1"," "
"1","99% ~00s          "
"1",""
"1"," "
"1"," |++++++++++++++++++++++++++++++++++++++++++++++++++|"
"1"," "
"1","100% elapsed=00s  "
"1","
"
"1",""
"1"," "
"1"," |                                                  |"
"1"," "
"1","0 % ~calculating  "
"1",""
"1"," "
"1"," |+                                                 |"
"1"," "
"1","1 % ~01s          "
"1",""
"1"," "
"1"," |++                                                |"
"1"," "
"1","2 % ~01s          "
"1",""
"1"," "
"1"," |++                                                |"
"1"," "
"1","4 % ~01s          "
"1",""
"1"," "
"1"," |+++                                               |"
"1"," "
"1","5 % ~01s          "
"1",""
"1"," "
"1"," |++++                                              |"
"1"," "
"1","6 % ~01s          "
"1",""
"1"," "
"1"," |++++                                              |"
"1"," "
"1","7 % ~01s          "
"1",""
"1"," "
"1"," |+++++                                             |"
"1"," "
"1","8 % ~01s          "
"1",""
"1"," "
"1"," |+++++                                             |"
"1"," "
"1","10% ~01s          "
"1",""
"1"," "
"1"," |++++++                                            |"
"1"," "
"1","11% ~01s          "
"1",""
"1"," "
"1"," |+++++++                                           |"
"1"," "
"1","12% ~01s          "
"1",""
"1"," "
"1"," |+++++++                                           |"
"1"," "
"1","13% ~01s          "
"1",""
"1"," "
"1"," |++++++++                                          |"
"1"," "
"1","14% ~01s          "
"1",""
"1"," "
"1"," |++++++++                                          |"
"1"," "
"1","16% ~01s          "
"1",""
"1"," "
"1"," |+++++++++                                         |"
"1"," "
"1","17% ~01s          "
"1",""
"1"," "
"1"," |++++++++++                                        |"
"1"," "
"1","18% ~01s          "
"1",""
"1"," "
"1"," |++++++++++                                        |"
"1"," "
"1","19% ~01s          "
"1",""
"1"," "
"1"," |+++++++++++                                       |"
"1"," "
"1","20% ~01s          "
"1",""
"1"," "
"1"," |+++++++++++                                       |"
"1"," "
"1","22% ~01s          "
"1",""
"1"," "
"1"," |++++++++++++                                      |"
"1"," "
"1","23% ~01s          "
"1",""
"1"," "
"1"," |+++++++++++++                                     |"
"1"," "
"1","24% ~01s          "
"1",""
"1"," "
"1"," |+++++++++++++                                     |"
"1"," "
"1","25% ~01s          "
"1",""
"1"," "
"1"," |++++++++++++++                                    |"
"1"," "
"1","27% ~01s          "
"1",""
"1"," "
"1"," |++++++++++++++                                    |"
"1"," "
"1","28% ~01s          "
"1",""
"1"," "
"1"," |+++++++++++++++                                   |"
"1"," "
"1","29% ~01s          "
"1",""
"1"," "
"1"," |++++++++++++++++                                  |"
"1"," "
"1","30% ~01s          "
"1",""
"1"," "
"1"," |++++++++++++++++                                  |"
"1"," "
"1","31% ~01s          "
"1",""
"1"," "
"1"," |+++++++++++++++++                                 |"
"1"," "
"1","33% ~01s          "
"1",""
"1"," "
"1"," |+++++++++++++++++                                 |"
"1"," "
"1","34% ~01s          "
"1",""
"1"," "
"1"," |++++++++++++++++++                                |"
"1"," "
"1","35% ~01s          "
"1",""
"1"," "
"1"," |+++++++++++++++++++                               |"
"1"," "
"1","36% ~01s          "
"1",""
"1"," "
"1"," |+++++++++++++++++++                               |"
"1"," "
"1","37% ~01s          "
"1",""
"1"," "
"1"," |++++++++++++++++++++                              |"
"1"," "
"1","39% ~01s          "
"1",""
"1"," "
"1"," |++++++++++++++++++++                              |"
"1"," "
"1","40% ~01s          "
"1",""
"1"," "
"1"," |+++++++++++++++++++++                             |"
"1"," "
"1","41% ~01s          "
"1",""
"1"," "
"1"," |++++++++++++++++++++++                            |"
"1"," "
"1","42% ~01s          "
"1",""
"1"," "
"1"," |++++++++++++++++++++++                            |"
"1"," "
"1","43% ~01s          "
"1",""
"1"," "
"1"," |+++++++++++++++++++++++                           |"
"1"," "
"1","45% ~01s          "
"1",""
"1"," "
"1"," |+++++++++++++++++++++++                           |"
"1"," "
"1","46% ~01s          "
"1",""
"1"," "
"1"," |++++++++++++++++++++++++                          |"
"1"," "
"1","47% ~01s          "
"1",""
"1"," "
"1"," |+++++++++++++++++++++++++                         |"
"1"," "
"1","48% ~01s          "
"1",""
"1"," "
"1"," |+++++++++++++++++++++++++                         |"
"1"," "
"1","49% ~01s          "
"1",""
"1"," "
"1"," |++++++++++++++++++++++++++                        |"
"1"," "
"1","51% ~01s          "
"1",""
"1"," "
"1"," |++++++++++++++++++++++++++                        |"
"1"," "
"1","52% ~01s          "
"1",""
"1"," "
"1"," |+++++++++++++++++++++++++++                       |"
"1"," "
"1","53% ~01s          "
"1",""
"1"," "
"1"," |++++++++++++++++++++++++++++                      |"
"1"," "
"1","54% ~01s          "
"1",""
"1"," "
"1"," |++++++++++++++++++++++++++++                      |"
"1"," "
"1","55% ~01s          "
"1",""
"1"," "
"1"," |+++++++++++++++++++++++++++++                     |"
"1"," "
"1","57% ~01s          "
"1",""
"1"," "
"1"," |+++++++++++++++++++++++++++++                     |"
"1"," "
"1","58% ~01s          "
"1",""
"1"," "
"1"," |++++++++++++++++++++++++++++++                    |"
"1"," "
"1","59% ~01s          "
"1",""
"1"," "
"1"," |+++++++++++++++++++++++++++++++                   |"
"1"," "
"1","60% ~01s          "
"1",""
"1"," "
"1"," |+++++++++++++++++++++++++++++++                   |"
"1"," "
"1","61% ~01s          "
"1",""
"1"," "
"1"," |++++++++++++++++++++++++++++++++                  |"
"1"," "
"1","63% ~01s          "
"1",""
"1"," "
"1"," |++++++++++++++++++++++++++++++++                  |"
"1"," "
"1","64% ~01s          "
"1",""
"1"," "
"1"," |+++++++++++++++++++++++++++++++++                 |"
"1"," "
"1","65% ~01s          "
"1",""
"1"," "
"1"," |++++++++++++++++++++++++++++++++++                |"
"1"," "
"1","66% ~01s          "
"1",""
"1"," "
"1"," |++++++++++++++++++++++++++++++++++                |"
"1"," "
"1","67% ~00s          "
"1",""
"1"," "
"1"," |+++++++++++++++++++++++++++++++++++               |"
"1"," "
"1","69% ~00s          "
"1",""
"1"," "
"1"," |+++++++++++++++++++++++++++++++++++               |"
"1"," "
"1","70% ~00s          "
"1",""
"1"," "
"1"," |++++++++++++++++++++++++++++++++++++              |"
"1"," "
"1","71% ~00s          "
"1",""
"1"," "
"1"," |+++++++++++++++++++++++++++++++++++++             |"
"1"," "
"1","72% ~00s          "
"1",""
"1"," "
"1"," |+++++++++++++++++++++++++++++++++++++             |"
"1"," "
"1","73% ~00s          "
"1",""
"1"," "
"1"," |++++++++++++++++++++++++++++++++++++++            |"
"1"," "
"1","75% ~00s          "
"1",""
"1"," "
"1"," |++++++++++++++++++++++++++++++++++++++            |"
"1"," "
"1","76% ~00s          "
"1",""
"1"," "
"1"," |+++++++++++++++++++++++++++++++++++++++           |"
"1"," "
"1","77% ~00s          "
"1",""
"1"," "
"1"," |++++++++++++++++++++++++++++++++++++++++          |"
"1"," "
"1","78% ~00s          "
"1",""
"1"," "
"1"," |++++++++++++++++++++++++++++++++++++++++          |"
"1"," "
"1","80% ~00s          "
"1",""
"1"," "
"1"," |+++++++++++++++++++++++++++++++++++++++++         |"
"1"," "
"1","81% ~00s          "
"1",""
"1"," "
"1"," |+++++++++++++++++++++++++++++++++++++++++         |"
"1"," "
"1","82% ~00s          "
"1",""
"1"," "
"1"," |++++++++++++++++++++++++++++++++++++++++++        |"
"1"," "
"1","83% ~00s          "
"1",""
"1"," "
"1"," |+++++++++++++++++++++++++++++++++++++++++++       |"
"1"," "
"1","84% ~00s          "
"1",""
"1"," "
"1"," |+++++++++++++++++++++++++++++++++++++++++++       |"
"1"," "
"1","86% ~00s          "
"1",""
"1"," "
"1"," |++++++++++++++++++++++++++++++++++++++++++++      |"
"1"," "
"1","87% ~00s          "
"1",""
"1"," "
"1"," |++++++++++++++++++++++++++++++++++++++++++++      |"
"1"," "
"1","88% ~00s          "
"1",""
"1"," "
"1"," |+++++++++++++++++++++++++++++++++++++++++++++     |"
"1"," "
"1","89% ~00s          "
"1",""
"1"," "
"1"," |++++++++++++++++++++++++++++++++++++++++++++++    |"
"1"," "
"1","90% ~00s          "
"1",""
"1"," "
"1"," |++++++++++++++++++++++++++++++++++++++++++++++    |"
"1"," "
"1","92% ~00s          "
"1",""
"1"," "
"1"," |+++++++++++++++++++++++++++++++++++++++++++++++   |"
"1"," "
"1","93% ~00s          "
"1",""
"1"," "
"1"," |+++++++++++++++++++++++++++++++++++++++++++++++   |"
"1"," "
"1","94% ~00s          "
"1",""
"1"," "
"1"," |++++++++++++++++++++++++++++++++++++++++++++++++  |"
"1"," "
"1","95% ~00s          "
"1",""
"1"," "
"1"," |+++++++++++++++++++++++++++++++++++++++++++++++++ |"
"1"," "
"1","96% ~00s          "
"1",""
"1"," "
"1"," |+++++++++++++++++++++++++++++++++++++++++++++++++ |"
"1"," "
"1","98% ~00s          "
"1",""
"1"," "
"1"," |++++++++++++++++++++++++++++++++++++++++++++++++++|"
"1"," "
"1","99% ~00s          "
"1",""
"1"," "
"1"," |++++++++++++++++++++++++++++++++++++++++++++++++++|"
"1"," "
"1","100% elapsed=02s  "
"1","
"
