"0","marker_c6 <- FindMarkers(boost, ident.1 = ""6"")"
"1",""
"1"," "
"1"," |                                                  |"
"1"," "
"1","0 % ~calculating  "
"1",""
"1"," "
"1"," |+                                                 |"
"1"," "
"1","1 % ~19s          "
"1",""
"1"," "
"1"," |++                                                |"
"1"," "
"1","2 % ~17s          "
"1",""
"1"," "
"1"," |++                                                |"
"1"," "
"1","3 % ~16s          "
"1",""
"1"," "
"1"," |+++                                               |"
"1"," "
"1","4 % ~16s          "
"1",""
"1"," "
"1"," |+++                                               |"
"1"," "
"1","5 % ~16s          "
"1",""
"1"," "
"1"," |++++                                              |"
"1"," "
"1","6 % ~16s          "
"1",""
"1"," "
"1"," |++++                                              |"
"1"," "
"1","7 % ~16s          "
"1",""
"1"," "
"1"," |+++++                                             |"
"1"," "
"1","8 % ~15s          "
"1",""
"1"," "
"1"," |+++++                                             |"
"1"," "
"1","9 % ~15s          "
"1",""
"1"," "
"1"," |++++++                                            |"
"1"," "
"1","10% ~15s          "
"1",""
"1"," "
"1"," |++++++                                            |"
"1"," "
"1","11% ~15s          "
"1",""
"1"," "
"1"," |+++++++                                           |"
"1"," "
"1","12% ~15s          "
"1",""
"1"," "
"1"," |+++++++                                           |"
"1"," "
"1","13% ~15s          "
"1",""
"1"," "
"1"," |++++++++                                          |"
"1"," "
"1","14% ~14s          "
"1",""
"1"," "
"1"," |++++++++                                          |"
"1"," "
"1","15% ~14s          "
"1",""
"1"," "
"1"," |+++++++++                                         |"
"1"," "
"1","16% ~14s          "
"1",""
"1"," "
"1"," |+++++++++                                         |"
"1"," "
"1","17% ~14s          "
"1",""
"1"," "
"1"," |++++++++++                                        |"
"1"," "
"1","18% ~13s          "
"1",""
"1"," "
"1"," |++++++++++                                        |"
"1"," "
"1","19% ~13s          "
"1",""
"1"," "
"1"," |+++++++++++                                       |"
"1"," "
"1","20% ~13s          "
"1",""
"1"," "
"1"," |+++++++++++                                       |"
"1"," "
"1","21% ~13s          "
"1",""
"1"," "
"1"," |++++++++++++                                      |"
"1"," "
"1","22% ~13s          "
"1",""
"1"," "
"1"," |++++++++++++                                      |"
"1"," "
"1","23% ~13s          "
"1",""
"1"," "
"1"," |+++++++++++++                                     |"
"1"," "
"1","24% ~12s          "
"1",""
"1"," "
"1"," |+++++++++++++                                     |"
"1"," "
"1","26% ~12s          "
"1",""
"1"," "
"1"," |++++++++++++++                                    |"
"1"," "
"1","27% ~12s          "
"1",""
"1"," "
"1"," |++++++++++++++                                    |"
"1"," "
"1","28% ~12s          "
"1",""
"1"," "
"1"," |+++++++++++++++                                   |"
"1"," "
"1","29% ~12s          "
"1",""
"1"," "
"1"," |+++++++++++++++                                   |"
"1"," "
"1","30% ~12s          "
"1",""
"1"," "
"1"," |++++++++++++++++                                  |"
"1"," "
"1","31% ~11s          "
"1",""
"1"," "
"1"," |++++++++++++++++                                  |"
"1"," "
"1","32% ~11s          "
"1",""
"1"," "
"1"," |+++++++++++++++++                                 |"
"1"," "
"1","33% ~11s          "
"1",""
"1"," "
"1"," |+++++++++++++++++                                 |"
"1"," "
"1","34% ~11s          "
"1",""
"1"," "
"1"," |++++++++++++++++++                                |"
"1"," "
"1","35% ~11s          "
"1",""
"1"," "
"1"," |++++++++++++++++++                                |"
"1"," "
"1","36% ~10s          "
"1",""
"1"," "
"1"," |+++++++++++++++++++                               |"
"1"," "
"1","37% ~10s          "
"1",""
"1"," "
"1"," |+++++++++++++++++++                               |"
"1"," "
"1","38% ~10s          "
"1",""
"1"," "
"1"," |++++++++++++++++++++                              |"
"1"," "
"1","39% ~10s          "
"1",""
"1"," "
"1"," |++++++++++++++++++++                              |"
"1"," "
"1","40% ~10s          "
"1",""
"1"," "
"1"," |+++++++++++++++++++++                             |"
"1"," "
"1","41% ~10s          "
"1",""
"1"," "
"1"," |+++++++++++++++++++++                             |"
"1"," "
"1","42% ~09s          "
"1",""
"1"," "
"1"," |++++++++++++++++++++++                            |"
"1"," "
"1","43% ~09s          "
"1",""
"1"," "
"1"," |++++++++++++++++++++++                            |"
"1"," "
"1","44% ~09s          "
"1",""
"1"," "
"1"," |+++++++++++++++++++++++                           |"
"1"," "
"1","45% ~09s          "
"1",""
"1"," "
"1"," |+++++++++++++++++++++++                           |"
"1"," "
"1","46% ~09s          "
"1",""
"1"," "
"1"," |++++++++++++++++++++++++                          |"
"1"," "
"1","47% ~09s          "
"1",""
"1"," "
"1"," |++++++++++++++++++++++++                          |"
"1"," "
"1","48% ~08s          "
"1",""
"1"," "
"1"," |+++++++++++++++++++++++++                         |"
"1"," "
"1","49% ~08s          "
"1",""
"1"," "
"1"," |+++++++++++++++++++++++++                         |"
"1"," "
"1","50% ~08s          "
"1",""
"1"," "
"1"," |++++++++++++++++++++++++++                        |"
"1"," "
"1","51% ~08s          "
"1",""
"1"," "
"1"," |+++++++++++++++++++++++++++                       |"
"1"," "
"1","52% ~08s          "
"1",""
"1"," "
"1"," |+++++++++++++++++++++++++++                       |"
"1"," "
"1","53% ~07s          "
"1",""
"1"," "
"1"," |++++++++++++++++++++++++++++                      |"
"1"," "
"1","54% ~07s          "
"1",""
"1"," "
"1"," |++++++++++++++++++++++++++++                      |"
"1"," "
"1","55% ~07s          "
"1",""
"1"," "
"1"," |+++++++++++++++++++++++++++++                     |"
"1"," "
"1","56% ~07s          "
"1",""
"1"," "
"1"," |+++++++++++++++++++++++++++++                     |"
"1"," "
"1","57% ~07s          "
"1",""
"1"," "
"1"," |++++++++++++++++++++++++++++++                    |"
"1"," "
"1","58% ~07s          "
"1",""
"1"," "
"1"," |++++++++++++++++++++++++++++++                    |"
"1"," "
"1","59% ~06s          "
"1",""
"1"," "
"1"," |+++++++++++++++++++++++++++++++                   |"
"1"," "
"1","60% ~06s          "
"1",""
"1"," "
"1"," |+++++++++++++++++++++++++++++++                   |"
"1"," "
"1","61% ~06s          "
"1",""
"1"," "
"1"," |++++++++++++++++++++++++++++++++                  |"
"1"," "
"1","62% ~06s          "
"1",""
"1"," "
"1"," |++++++++++++++++++++++++++++++++                  |"
"1"," "
"1","63% ~06s          "
"1",""
"1"," "
"1"," |+++++++++++++++++++++++++++++++++                 |"
"1"," "
"1","64% ~06s          "
"1",""
"1"," "
"1"," |+++++++++++++++++++++++++++++++++                 |"
"1"," "
"1","65% ~05s          "
"1",""
"1"," "
"1"," |++++++++++++++++++++++++++++++++++                |"
"1"," "
"1","66% ~05s          "
"1",""
"1"," "
"1"," |++++++++++++++++++++++++++++++++++                |"
"1"," "
"1","67% ~05s          "
"1",""
"1"," "
"1"," |+++++++++++++++++++++++++++++++++++               |"
"1"," "
"1","68% ~05s          "
"1",""
"1"," "
"1"," |+++++++++++++++++++++++++++++++++++               |"
"1"," "
"1","69% ~05s          "
"1",""
"1"," "
"1"," |++++++++++++++++++++++++++++++++++++              |"
"1"," "
"1","70% ~05s          "
"1",""
"1"," "
"1"," |++++++++++++++++++++++++++++++++++++              |"
"1"," "
"1","71% ~05s          "
"1",""
"1"," "
"1"," |+++++++++++++++++++++++++++++++++++++             |"
"1"," "
"1","72% ~04s          "
"1",""
"1"," "
"1"," |+++++++++++++++++++++++++++++++++++++             |"
"1"," "
"1","73% ~04s          "
"1",""
"1"," "
"1"," |++++++++++++++++++++++++++++++++++++++            |"
"1"," "
"1","74% ~04s          "
"1",""
"1"," "
"1"," |++++++++++++++++++++++++++++++++++++++            |"
"1"," "
"1","76% ~04s          "
"1",""
"1"," "
"1"," |+++++++++++++++++++++++++++++++++++++++           |"
"1"," "
"1","77% ~04s          "
"1",""
"1"," "
"1"," |+++++++++++++++++++++++++++++++++++++++           |"
"1"," "
"1","78% ~04s          "
"1",""
"1"," "
"1"," |++++++++++++++++++++++++++++++++++++++++          |"
"1"," "
"1","79% ~03s          "
"1",""
"1"," "
"1"," |++++++++++++++++++++++++++++++++++++++++          |"
"1"," "
"1","80% ~03s          "
"1",""
"1"," "
"1"," |+++++++++++++++++++++++++++++++++++++++++         |"
"1"," "
"1","81% ~03s          "
"1",""
"1"," "
"1"," |+++++++++++++++++++++++++++++++++++++++++         |"
"1"," "
"1","82% ~03s          "
"1",""
"1"," "
"1"," |++++++++++++++++++++++++++++++++++++++++++        |"
"1"," "
"1","83% ~03s          "
"1",""
"1"," "
"1"," |++++++++++++++++++++++++++++++++++++++++++        |"
"1"," "
"1","84% ~03s          "
"1",""
"1"," "
"1"," |+++++++++++++++++++++++++++++++++++++++++++       |"
"1"," "
"1","85% ~02s          "
"1",""
"1"," "
"1"," |+++++++++++++++++++++++++++++++++++++++++++       |"
"1"," "
"1","86% ~02s          "
"1",""
"1"," "
"1"," |++++++++++++++++++++++++++++++++++++++++++++      |"
"1"," "
"1","87% ~02s          "
"1",""
"1"," "
"1"," |++++++++++++++++++++++++++++++++++++++++++++      |"
"1"," "
"1","88% ~02s          "
"1",""
"1"," "
"1"," |+++++++++++++++++++++++++++++++++++++++++++++     |"
"1"," "
"1","89% ~02s          "
"1",""
"1"," "
"1"," |+++++++++++++++++++++++++++++++++++++++++++++     |"
"1"," "
"1","90% ~02s          "
"1",""
"1"," "
"1"," |++++++++++++++++++++++++++++++++++++++++++++++    |"
"1"," "
"1","91% ~01s          "
"1",""
"1"," "
"1"," |++++++++++++++++++++++++++++++++++++++++++++++    |"
"1"," "
"1","92% ~01s          "
"1",""
"1"," "
"1"," |+++++++++++++++++++++++++++++++++++++++++++++++   |"
"1"," "
"1","93% ~01s          "
"1",""
"1"," "
"1"," |+++++++++++++++++++++++++++++++++++++++++++++++   |"
"1"," "
"1","94% ~01s          "
"1",""
"1"," "
"1"," |++++++++++++++++++++++++++++++++++++++++++++++++  |"
"1"," "
"1","95% ~01s          "
"1",""
"1"," "
"1"," |++++++++++++++++++++++++++++++++++++++++++++++++  |"
"1"," "
"1","96% ~01s          "
"1",""
"1"," "
"1"," |+++++++++++++++++++++++++++++++++++++++++++++++++ |"
"1"," "
"1","97% ~00s          "
"1",""
"1"," "
"1"," |+++++++++++++++++++++++++++++++++++++++++++++++++ |"
"1"," "
"1","98% ~00s          "
"1",""
"1"," "
"1"," |++++++++++++++++++++++++++++++++++++++++++++++++++|"
"1"," "
"1","99% ~00s          "
"1",""
"1"," "
"1"," |++++++++++++++++++++++++++++++++++++++++++++++++++|"
"1"," "
"1","100% elapsed=16s  "
"1","
"
